Name,Location,Price in Euro,Area m²,Price per m²,Rooms,Furniture,Age,Company
Apartment Keizersgracht,1016 EG Amsterdam (Grachtengordel-West),6000,270,22,4,Upholstered,Not Provided,Listings
Apartment Warmoesstraat,1012 HX Amsterdam (Burgwallen-Oude Zijde),2400,80,30,2,Furnished,Not Provided,Housing Experts
Apartment Madurastraat,1094 GL Amsterdam (Indische Buurt West),1850,60,30,2,Furnished,Not Provided,Housing Experts
Apartment Olympiaweg,1076 XA Amsterdam (Stadionbuurt),1650,43,38,2,Not Provided,1925,Clairesrealestate
Apartment Keizersgracht 217 G,1016 DT Amsterdam (Grachtengordel-West),3500,160,21,4,Furnished,Not Provided,Oei Housing Amsterdam - Expat Apartments
Apartment Timorstraat,1094 CD Amsterdam (Indische Buurt West),2350,80,29,3,Upholstered or furnished,Not Provided,ME Makelaars BV
Apartment Keizersgracht 335 II,1016 EG Amsterdam (Grachtengordel-West),1950,60,32,2,Upholstered,Not Provided,Prinsen Residence International
Apartment Borneostraat 94 E,1094 CP Amsterdam (Indische Buurt West),1359,55,24,2,Upholstered or furnished,Not Provided,Huizenbalie.nl
Apartment Prinsengracht 844 ll-lll,1017 JM Amsterdam (De Weteringschans),3100,120,25,4,Upholstered,Not Provided,Amstel Makelaardij o.g.
Apartment Van Spilbergenstraat,1057 RP Amsterdam (Hoofdweg e.o.),1550,50,31,4,Not Provided,1906-1930,Visch & Van Zeggelaar Amsterdam
Apartment Van Spilbergenstraat,1057 RM Amsterdam (Hoofdweg e.o.),1795,50,35,3,Not Provided,Not Provided,Visch & Van Zeggelaar Amsterdam
Apartment Van Spilbergenstraat,1057 RN Amsterdam (Hoofdweg e.o.),1795,57,31,3,Not Provided,Before 1906,Visch & Van Zeggelaar Amsterdam
Apartment Jan Evertsenstraat,1057 BN Amsterdam (Hoofdweg e.o.),1350,57,23,2,Not Provided,1927,Keij & Stefels Makelaars en Taxateurs
Apartment Keizersgracht,1016 EX Amsterdam (Grachtengordel-West),1600,40,40,1,Upholstered,Not Provided,Keij & Stefels Makelaars en Taxateurs
Apartment Waterkersweg 262,1051 PJ Amsterdam (Centrale Markt),2100,85,24,3,Upholstered,Not Provided,JLG Real Estate
Apartment Zuidelijke Wandelweg,1079 RK Amsterdam (Scheldebuurt),3500,111,31,4,Not Provided,2018,Dutch Real Estate Company
House Leimuidenstraat,1059 EJ Amsterdam (Hoofddorppleinbuurt),2600,90,28,3,Upholstered,Not Provided,City Homes
Apartment Koninginneweg,1075 CG Amsterdam (Willemspark),2050,72,28,3,Furnished,Not Provided,Inxxx Rentals
Apartment Parnassusweg,1077 DE Amsterdam (Prinses Irenebuurt e.o.),2300,102,22,3,Furnished,Not Provided,Inxxx Rentals
Apartment Keizersgracht 365 E,1016 EJ Amsterdam (Grachtengordel-West),3850,130,29,3,Upholstered or furnished,Not Provided,Vastgoed Unie Makelaardij
Apartment Eerste Helmersstraat 154 hs,1054 EJ Amsterdam (Helmersbuurt),2000,58,34,2,Furnished,Not Provided,Van Huis Uit Makelaars
Studio Buyskade,1051 ME Amsterdam (Staatsliedenbuurt),1600,58,27,1,Furnished,Not Provided,Marktpand
Apartment Laing's Nekstraat,1092 KZ Amsterdam (Transvaalbuurt),2250,92,24,4,Furnished,Not Provided,Relocation Advisers B.V.
Project: Q-Residences | Quartz - APPARTEMENT H–F’ LUXE,1081 AB Amsterdam (Buitenveldert-West),1975,77,25,3,Not Provided,Not Provided,Eefje Voogd Makelaardij
Project: Q-Residences | Quartz - APPARTEMENT H–G LUXE,1081 AB Amsterdam (Buitenveldert-West),1912.0,74,25,3,Not Provided,Not Provided,Eefje Voogd Makelaardij
Project: Q-Residences | Quartz - APPARTEMENT H–I LUXE,1081 AB Amsterdam (Buitenveldert-West),2820,107,26,4,Not Provided,Not Provided,Eefje Voogd Makelaardij
Project: Q-Residences | Quartz - APPARTEMENT H–I’ LUXE,1081 AB Amsterdam (Buitenveldert-West),2820,107,26,4,Not Provided,Not Provided,Eefje Voogd Makelaardij
Project: Q-Residences | Quartz - APPARTEMENT H–F LUXE,1081 AB Amsterdam (Buitenveldert-West),1975,77,25,3,Not Provided,Not Provided,Eefje Voogd Makelaardij
Project: Q-Residences | Quartz - APPARTEMENT H–A’ LUXE,1081 AB Amsterdam (Buitenveldert-West),1662.0,68,24,3,Not Provided,Not Provided,Eefje Voogd Makelaardij
Project: Q-Residences | Quartz - APPARTEMENT H-A LUXE,1081 AB Amsterdam (Buitenveldert-West),1662.0,68,24,3,Not Provided,Not Provided,Eefje Voogd Makelaardij
Project: Q-Residences | Quartz - APPARTEMENT H–D’ LUXE,1081 AB Amsterdam (Buitenveldert-West),1350,49,27,2,Not Provided,Not Provided,Eefje Voogd Makelaardij
Apartment Keizersgracht,1016 EG Amsterdam (Grachtengordel-West),6000,270,22,4,Upholstered,Not Provided,Listings
Project: Q-Residences | Quartz - APPARTEMENT H–J LUXE,1081 AB Amsterdam (Buitenveldert-West),1612.0,62,26,2,Not Provided,Not Provided,Eefje Voogd Makelaardij
Project: Q-Residences | Quartz - APPARTEMENT H–G’ LUXE,1081 AB Amsterdam (Buitenveldert-West),1912.0,74,25,3,Not Provided,Not Provided,Eefje Voogd Makelaardij
Project: Q-Residences | Quartz - APPARTEMENT H–H LUXE,1081 AB Amsterdam (Buitenveldert-West),1638.0,64,25,3,Not Provided,Not Provided,Eefje Voogd Makelaardij
Project: Q-Residences | Quartz - APPARTEMENT H–E LUXE,1081 AB Amsterdam (Buitenveldert-West),1612.0,61,26,3,Not Provided,Not Provided,Eefje Voogd Makelaardij
Project: Q-Residences | Quartz - APPARTEMENT H–B LUXE,1081 AB Amsterdam (Buitenveldert-West),1350,49,27,2,Not Provided,Not Provided,Eefje Voogd Makelaardij
Project: Q-Residences | Quartz - APPARTEMENT H–D LUXE,1081 AB Amsterdam (Buitenveldert-West),1350,49,27,2,Not Provided,Not Provided,Eefje Voogd Makelaardij
Apartment Govert Flinckstraat 10,1072 EJ Amsterdam (Oude Pijp),2300,70,32,3,Furnished,Not Provided,Vastgoed Unie Makelaardij
Apartment Postjesweg 303,1062 JR Amsterdam (Overtoomse Veld),1800,80,22,4,Furnished,Not Provided,Van Huis Uit Makelaars
Apartment Amstelkade 127 2,1078 AS Amsterdam (Scheldebuurt),1895,102,18,3,Shell,Not Provided,Stienstra
Apartment Hugo de Grootkade 4 1,1052 LP Amsterdam (Frederik Hendrikbuurt),1700,52,32,2,Upholstered,Not Provided,The Rental Agency Amsterdam
Apartment Jan Vrijmanstraat,1087 NB Amsterdam (IJburg Zuid),1428,116,12,3,Not Provided,2010,Van 't Hof Rijnland Vastgoedmanagement
Apartment Venetiëhof,1019 NC Amsterdam (Oostelijk Havengebied),2000,85,23,3,Furnished,Not Provided,Woonmarkt Amsterdam
Apartment Prins Hendrikkade,1011 AN Amsterdam (Nieuwmarkt/Lastage),2250,65,34,3,Furnished,Not Provided,Hausing
Apartment Prins Hendrikkade,1011 AN Amsterdam (Nieuwmarkt/Lastage),2150,65,33,2,Furnished,Not Provided,Hausing
Apartment Jacob van Lennepkade,1054 ZG Amsterdam (Helmersbuurt),2550,70,36,3,Upholstered,Not Provided,Hausing
Apartment Ruysdaelstraat,1071 WX Amsterdam (Museumkwartier),2500,78,32,3,Upholstered,Not Provided,BrinkBorgh Makelaardij
Apartment Rustenburgerstraat 303 1,1073 GE Amsterdam (Nieuwe Pijp),2195,50,43,3,Furnished,Not Provided,Urban Homies
Apartment Geldersekade 119 B,1011 EN Amsterdam (Nieuwmarkt/Lastage),2450,72,34,2,Furnished,Not Provided,Urban Homies
Apartment Jan van Duivenvoordestraat,1067 XN Amsterdam (Geuzenveld),1750,65,26,3,Furnished,Not Provided,Woonmarkt Amsterdam
Apartment Wilhelminastraat 213 2,1054 WG Amsterdam (Overtoomse Sluis),2150,60,35,3,Furnished,Not Provided,The Rental Agency Amsterdam
Apartment Marius Bauerstraat,1062 AL Amsterdam (Overtoomse Veld),1600,50,32,2,Furnished,Not Provided,Woonmarkt Amsterdam
Apartment Rosmarijnsteeg,1012 RP Amsterdam (Burgwallen-Nieuwe Zijde),1975,77,25,3,Upholstered,Not Provided,BrinkBorgh Makelaardij
Apartment Ridderspoorweg 60,1032 LL Amsterdam (Noordelijke IJ-oevers West),2750,125,22,5,Furnished,Not Provided,Amsterdam Housing
Apartment Balthasar Floriszstraat,1071 VB Amsterdam (Museumkwartier),3550,123,28,4,Furnished,Not Provided,Inter Immo Amsterdam
Apartment Rietnesse 8 II,1082 CG Amsterdam (Buitenveldert-West),1950,64,30,2,Furnished,Not Provided,Dutch Housing Centre BV
Apartment Bloemgracht,1015 TJ Amsterdam (Jordaan),2000,75,26,2,Furnished,Not Provided,Compass Housing Amsterdam
Apartment Nieuwezijds Voorburgwal,1012 SC Amsterdam (Burgwallen-Nieuwe Zijde),1650,46,35,3,Upholstered,Not Provided,Vastgoed & Co.
Apartment Woestduinstraat 109 H,1059 SP Amsterdam (Hoofddorppleinbuurt),2100,70,30,3,Furnished,Not Provided,Expat Rentals
Apartment Jan Pieter Heijestraat 107 B,1053 GN Amsterdam (Van Lennepbuurt),1950,68,28,2,Furnished,Not Provided,ViaDaan
Studio Schaarsbergenstraat 59 A,1107 JS Amsterdam (Holendrecht/Reigersbos),1200,34,35,1,Upholstered,Not Provided,ViaDaan
Apartment Keizersgracht,1016 EG Amsterdam (Grachtengordel-West),6000,270,22,4,Upholstered,Not Provided,Listings
Apartment Beursstraat 33 A,1012 JV Amsterdam (Burgwallen-Oude Zijde),2500,60,41,3,Upholstered or furnished,Not Provided,MA Residences
Apartment Prinsengracht 353 B,1016 HK Amsterdam (Grachtengordel-West),2000,85,23,2,Furnished,Not Provided,Amsterdam Housing
Apartment Warmondstraat,1058 KW Amsterdam (Hoofddorppleinbuurt),2650,88,30,3,Furnished,Not Provided,Interhouse verhuurmakelaars Amsterdam
Apartment Sarphatistraat 175 H,1018 GE Amsterdam (Weesperbuurt/Plantage),2400,84,28,2,Furnished,Not Provided,Expat Apartment Service
Apartment Argonautenstraat,1076 KS Amsterdam (Stadionbuurt),2350,65,36,3,Furnished,Not Provided,Housing Experts
House Hoendiepstraat,1079 LX Amsterdam (Rijnbuurt),2200,78,28,4,Furnished,Not Provided,123Wonen Amsterdam
Apartment Zeeburgerdijk,1093 SJ Amsterdam (Dapperbuurt),1750,51,34,2,Upholstered,Not Provided,Hausing
Apartment Kerkstraat,1017 GP Amsterdam (Grachtengordel-Zuid),1850,51,36,2,Upholstered,Not Provided,Hausing
Apartment Montelbaanstraat,1011 EG Amsterdam (Nieuwmarkt/Lastage),2500,60,41,3,Not Provided,1933,Mar. J. Heule
Apartment Karel du Jardinstraat,1072 SE Amsterdam (Nieuwe Pijp),2250,58,38,3,Not Provided,1906-1930,Mar. J. Heule
Apartment Ridderspoorweg 90,1032 LL Amsterdam (Noordelijke IJ-oevers West),2750,125,22,5,Upholstered,Not Provided,JLG Real Estate
Apartment Hobbemakade,1071 XK Amsterdam (Museumkwartier),6000,135,44,4,Furnished,Not Provided,Heeren Makelaars B.V.
Apartment Valentijnkade 39 H,1095 JH Amsterdam (Indische Buurt Oost),1700,47,36,2,Shell,Not Provided,Huisman Makelaardij B.V.
Apartment Alexanderplein,1018 CG Amsterdam (Weesperbuurt/Plantage),2400,75,32,2,Upholstered,Not Provided,Inxxx Rentals
Apartment Van Ostadestraat,1074 VV Amsterdam (Nieuwe Pijp),1950,49,39,2,Furnished,Not Provided,BIC Makelaardij
Apartment Lijnbaansgracht 213 hs,1016 XJ Amsterdam (Jordaan),1750,65,26,3,Upholstered or furnished,Not Provided,HousingNet
Apartment Geuzenkade,1056 KK Amsterdam (Geuzenbuurt),1850,60,30,3,Furnished,Not Provided,Expats. Amsterdam Rentals
Apartment Elckerlijcstraat,1055 AK Amsterdam (Erasmuspark),2250,80,28,3,Furnished,Not Provided,Interhouse verhuurmakelaars Amsterdam
Apartment Eerste Helmersstraat,1054 EN Amsterdam (Overtoomse Sluis),2450,75,32,3,Furnished,Not Provided,Interhouse verhuurmakelaars Amsterdam
House H. Stolleplantsoen,1022 KK Amsterdam (Elzenhagen),2300,100,23,4,Furnished,Not Provided,123Wonen Amsterdam
Apartment Prinsengracht 197 C,1015 DT Amsterdam (Grachtengordel-West),2650,70,37,2,Furnished,Not Provided,Van Huis Uit Makelaars
Apartment Bosrankstraat,1032 LH Amsterdam (Noordelijke IJ-oevers West),2700,110,24,4,Furnished,Not Provided,Expat Rentals Amsterdam
Apartment Vossiusstraat 7 H,1071 AB Amsterdam (Museumkwartier),2850,75,38,3,Furnished,Not Provided,Peter Bruin Makelaardij
Apartment Haparandaweg,1013 BD Amsterdam (Houthavens),1750,48,36,2,Furnished,Not Provided,Find your room
Apartment Eerste Sweelinckstraat,1073 CM Amsterdam (Oude Pijp),2150,70,30,2,Furnished,Not Provided,123Wonen Amsterdam
Apartment Van Nijenrodeweg,1082 GV Amsterdam (Buitenveldert-West),1650,45,36,2,Furnished,Not Provided,Amsterdam Homes
Apartment Pieter Aertszstraat,1074 VP Amsterdam (Nieuwe Pijp),2000,63,31,2,Furnished,Not Provided,Rotsvast Amsterdam
Apartment Prinsengracht 447 2,1016 HN Amsterdam (Grachtengordel-West),2450,70,35,3,Upholstered or furnished,Not Provided,AmsterHomes
Apartment Rijnstraat,1079 HT Amsterdam (Rijnbuurt),2250,78,28,4,Upholstered,Not Provided,A Plus Apartments
Apartment Herengracht 445 A,1017 BR Amsterdam (Grachtengordel-Zuid),2450,105,23,3,Furnished,Not Provided,Parker & Williams Real Estate Services
Apartment Keizersgracht,1016 EG Amsterdam (Grachtengordel-West),6000,270,22,4,Upholstered,Not Provided,Listings
Apartment Rooseveltlaan,1078 NP Amsterdam (Scheldebuurt),2650,101,26,4,Furnished,Not Provided,123Wonen Amsterdam
Apartment Dijkgraafplein,1069 EV Amsterdam (De Punt),2599,101,25,4,Not Provided,1969,Huisportaal.nl
Apartment Sassenheimstraat 59 3,1059 BD Amsterdam (Hoofddorppleinbuurt),2600,78,33,4,Upholstered or furnished,Not Provided,Vastgoed Unie Makelaardij
Apartment Vrolikstraat,1092 TT Amsterdam (Oosterparkbuurt),1985,42,47,2,Furnished,Not Provided,I-housing
Apartment Amstel 135 E,1018 EN Amsterdam (Weesperbuurt/Plantage),1750,50,35,2,Not Provided,1961,HousingNet
Apartment Nachtwachtlaan,1058 EE Amsterdam (Overtoomse Veld),2500,100,25,4,Upholstered or furnished,Not Provided,Makelaardij Prins van Wijngaarden
Apartment Hoogte Kadijk,1018 BK Amsterdam (Oostelijke Eilanden/Kadijken),2300,78,29,4,Upholstered,Not Provided,BrinkBorgh Makelaardij
Apartment Pieter Aertszstraat 107 H,1074 VP Amsterdam (Nieuwe Pijp),2000,63,31,2,Furnished,Not Provided,Amsterdam Housing
Apartment Kerkstraat 322 N,1017 HC Amsterdam (Grachtengordel-Zuid),2750,95,28,3,Upholstered or furnished,Not Provided,Hollandsche Makelaardij
Apartment Jacob Obrechtstraat,1071 KG Amsterdam (Museumkwartier),2850,97,29,3,Upholstered,Not Provided,Keij & Stefels Makelaars en Taxateurs
Apartment Rietwijkerstraat 21 III-IV,1059 VV Amsterdam (Hoofddorppleinbuurt),2300,85,27,3,Upholstered or furnished,Not Provided,JLG Real Estate
House Klaprozenweg 73 A,1032 KK Amsterdam (Noordelijke IJ-oevers West),2950,207,14,5,Not Provided,Not Provided,11 Makelaars Amsterdam
Apartment Sparrenweg,1091 HR Amsterdam (Oosterparkbuurt),2250,66,34,3,Furnished,Not Provided,Nuverhuren.nl
Apartment Lekstraat 114 2,1079 EW Amsterdam (Scheldebuurt),2150,90,23,3,Upholstered or furnished,Not Provided,AmsterHomes
Apartment Van Suchtelen van de Haarestraat,1068 GV Amsterdam (Osdorp-Oost),2250,100,22,4,Upholstered or furnished,Not Provided,Alcoco.nl
Apartment Van Eeghenstraat,1071 GD Amsterdam (Museumkwartier),5850,196,29,5,Upholstered,Not Provided,Grand Apartments Amsterdam
Apartment Singel,1015 AG Amsterdam (Grachtengordel-West),4000,108,37,3,Furnished,Not Provided,Expat Rentals Amsterdam
Apartment Deurloostraat,1078 HT Amsterdam (Scheldebuurt),3750,80,46,3,Furnished,Not Provided,Grand Apartments Amsterdam
Apartment Bilderdijkkade,1053 VM Amsterdam (Van Lennepbuurt),2000,70,28,3,Furnished,Not Provided,Interhouse verhuurmakelaars Amsterdam
House Kerkstraat 406,1017 JC Amsterdam (Grachtengordel-Zuid),6350,198,32,6,Upholstered,Not Provided,De Graaf & Groot Makelaars
Apartment Hagedoornplein,1031 BV Amsterdam (Volewijck),3250,140,23,4,Upholstered,Not Provided,Expathousing.com (Amsterdam)
Apartment Hoofdweg 318 huis,1056 DA Amsterdam (Van Galenbuurt),2350,73,32,2,Furnished,Not Provided,Amsterdam Wonen
Apartment Westerlengte 131,1034 TB Amsterdam (Banne Buiksloot),1550,60,25,2,Upholstered,Not Provided,HousingNet
Apartment Nida Senffstraat,1095 MX Amsterdam (Zeeburgereiland/Nieuwe Diep),1950,70,27,3,Furnished,Not Provided,The Perfect House
Apartment Keizersgracht,1017 EB Amsterdam (Grachtengordel-Zuid),2450,47,52,1,Furnished,Not Provided,Hausing
Apartment Bilderdijkstraat,1053 KX Amsterdam (Da Costabuurt),3975,95,41,5,Not Provided,1903,Hausing
Apartment IJburglaan 917,1087 EN Amsterdam (IJburg West),2100,96,21,3,Furnished,Not Provided,Expats. Amsterdam Rentals
Apartment Allard Piersonstraat,1053 ZX Amsterdam (Da Costabuurt),1875,70,26,2,Upholstered,Not Provided,A Plus Apartments
Apartment Keizersgracht,1015 CX Amsterdam (Grachtengordel-West),3250,119,27,3,Not Provided,1880,Makelaarskantoor BEN BV
Apartment Jacob van Lennepkade,1054 ZG Amsterdam (Helmersbuurt),2550,70,36,3,Upholstered,Not Provided,Hausing
Apartment Keizersgracht,1016 EG Amsterdam (Grachtengordel-West),6000,270,22,4,Upholstered,Not Provided,Listings
Apartment Jacob van Lennepkade,1054 ZG Amsterdam (Helmersbuurt),2750,73,37,3,Upholstered,Not Provided,Hausing
Apartment Goudsbloemstraat,1015 JT Amsterdam (Jordaan),2095,65,32,3,Upholstered,Not Provided,Expathousing.com (Amsterdam)
Studio Haarlemmermeerstraat,1058 KH Amsterdam (Hoofddorppleinbuurt),1750,27,64,1,Furnished,Not Provided,Verhoef Vastgoed
Apartment Tweede Jan van der Heijdenstraat,1074 XT Amsterdam (Oude Pijp),2500,66,37,3,Not Provided,1883,Rebid
Apartment Kerkstraat,1017 HW Amsterdam (Grachtengordel-Zuid),4500,120,37,3,Furnished,Not Provided,Expats. Amsterdam Rentals
Apartment Leidsegracht,1016 CR Amsterdam (Jordaan),2400,105,22,2,Not Provided,1800,Prestige Housing
Apartment Eerste Helmersstraat,1054 DJ Amsterdam (Helmersbuurt),5000,144,34,4,Furnished,Not Provided,I-housing
Apartment Govert Flinckstraat 384 2,1074 CH Amsterdam (Oude Pijp),2100,60,35,3,Upholstered or furnished,Not Provided,Vastgoed Unie Makelaardij
Apartment Botterstraat,1034 BW Amsterdam (Banne Buiksloot),1750,78,22,3,Furnished,Not Provided,LV Housing
Apartment Pieter Aertszstraat,1073 SH Amsterdam (Nieuwe Pijp),2500,67,37,3,Furnished,Not Provided,Sjaardema Vastgoed
Apartment Loenermark 375,1025 TH Amsterdam (Buikslotermeer),2000,95,21,3,Furnished,Not Provided,Amsterdam Housing
Apartment Elandsstraat 24 A,1016 SG Amsterdam (Jordaan),1900,55,34,3,Furnished,Not Provided,Amsterdam Housing
Apartment Geulstraat,1078 KZ Amsterdam (Scheldebuurt),1995,92,21,3,Furnished,Not Provided,Twan Zebregs
Apartment Herengracht 90 D,1015 BS Amsterdam (Grachtengordel-West),2250,105,21,3,Upholstered,Not Provided,Renthouse Vastgoed
Apartment Bestevâerstraat 9 2,1056 HD Amsterdam (Geuzenbuurt),2300,78,29,3,Upholstered,Not Provided,Filarski Real Estate
Apartment Amstel,1017 AC Amsterdam (Grachtengordel-Zuid),2975,144,20,4,Furnished,Not Provided,Hausing
Apartment Zocherstraat 24 II,1054 LX Amsterdam (Overtoomse Sluis),2500,70,35,3,Not Provided,1906-1930,ADDRESS AMSTERDAM
Apartment Jan van Galenstraat 119 Huis,1056 BK Amsterdam (Geuzenbuurt),1950,110,17,4,Upholstered,Not Provided,Huizenbalie.nl
Apartment Frederik Hendrikstraat,1052 JA Amsterdam (Frederik Hendrikbuurt),1750,75,23,2,Not Provided,1905,Mar. J. Heule
Apartment Valkenburgerstraat,1011 NC Amsterdam (Nieuwmarkt/Lastage),2500,85,29,3,Not Provided,2007,Von Poll Real Estate - Centrum
Apartment Govert Flinckstraat 351 hs,1074 CD Amsterdam (Oude Pijp),2350,90,26,3,Upholstered,Not Provided,JLG Real Estate
Apartment Valeriusstraat 102 2,1075 GC Amsterdam (Willemspark),4500,154,29,7,Upholstered or furnished,Not Provided,Engel en Volkers Amsterdam
Apartment Alexanderkade,1018 CH Amsterdam (Weesperbuurt/Plantage),1850,90,20,3,Upholstered,Not Provided,Housing Experts
Apartment Korte Ouderkerkerdijk 1 B-3,1096 AC Amsterdam (Omval/Overamstel),6000,163,36,4,Furnished,Not Provided,EHR Amsterdam
Apartment Leimuidenstraat,1059 EE Amsterdam (Hoofddorppleinbuurt),2750,130,21,3,Upholstered,Not Provided,Housing Experts
Apartment Amsteldijk,1074 HT Amsterdam (Oude Pijp),1450,55,26,3,Upholstered,Not Provided,Amsterdam Rental Homes
Apartment Adelaarsweg,1021 BP Amsterdam (IJplein/Vogelbuurt),2250,90,25,4,Upholstered,Not Provided,Amsterdam Rental Homes
House Balatonmeerlaan,1060 RD Amsterdam (Middelveldsche Akerpolder),3500,144,24,5,Upholstered,Not Provided,Amstel Housing Amsterdam
Apartment Kalkmarkt,1011 BC Amsterdam (Nieuwmarkt/Lastage),1250,125,10,2,Furnished,Not Provided,HouseHunting Randstad
Apartment Ennemaborg,1082 SM Amsterdam (Buitenveldert-West),2150,71,30,4,Furnished,Not Provided,Brixt
Apartment Keizersgracht,1016 EG Amsterdam (Grachtengordel-West),6000,270,22,4,Upholstered,Not Provided,Listings
Apartment Carnapstraat,1062 KT Amsterdam (Westlandgracht),1755,73,24,2,Not Provided,2015,Wooove B.V.
Apartment Goudsbloemstraat 110 I,1015 JS Amsterdam (Jordaan),2250,60,37,3,Furnished,Not Provided,Dutch Housing Centre BV
Apartment Wiltzanghlaan 1 D,1055 KD Amsterdam (Landlust),2150,75,28,3,Furnished,Not Provided,Van Oosterom Makelaar
House Bestevâerstraat,1056 HM Amsterdam (Geuzenbuurt),3500,150,23,5,Upholstered or furnished,Not Provided,Huureenhuis
Apartment Mary van der Sluisstraat 286,1095 ME Amsterdam (Zeeburgereiland/Nieuwe Diep),2500,88,28,3,Not Provided,2018,Mid-stay Apartments
Apartment Nassaukade 155 1,1053 LK Amsterdam (Da Costabuurt),1850,80,23,3,Furnished,Not Provided,Parker & Williams Real Estate Services
House Akbarstraat 59,1061 DW Amsterdam (De Kolenkit),2500,135,18,6,Upholstered,Not Provided,Parker & Williams Real Estate Services
Apartment Brouwersgracht,1015 GA Amsterdam (Grachtengordel-West),2400,100,24,3,Furnished,Not Provided,Unlimited Housing
Apartment Van de Veldestraat,1071 CW Amsterdam (Museumkwartier),2750,94,29,2,Upholstered,Not Provided,BrinkBorgh Makelaardij
Apartment Singel,1017 AX Amsterdam (Grachtengordel-Zuid),2300,82,28,2,Furnished,Not Provided,NOORESTATE
Apartment Oranje-Vrijstaatplein,1093 NG Amsterdam (Dapperbuurt),2895,100,28,3,Upholstered or furnished,Not Provided,HouseHunting Randstad
Apartment Veembroederhof 255 2 PP,1019 HD Amsterdam (Oostelijk Havengebied),4500,183,24,6,Not Provided,2006,MRA Makelaars
Apartment Waverstraat,1079 VJ Amsterdam (Rijnbuurt),2150,53,40,3,Furnished,Not Provided,Verhoef Vastgoed
House Oudezijds Achterburgwal 89,1012 DC Amsterdam (Burgwallen-Oude Zijde),6250,261,23,8,Not Provided,Not Provided,Isaak Makelaardij o.g. B.V.
Apartment Herengracht,1016 BE Amsterdam (Grachtengordel-West),2500,70,35,3,Furnished,Not Provided,Interhouse verhuurmakelaars Amsterdam
Apartment Langestraat,1015 AM Amsterdam (Grachtengordel-West),1725,43,40,2,Furnished,Not Provided,Expathousing.com (Amsterdam)
Apartment Loenermark,1025 TX Amsterdam (Buikslotermeer),1450,65,22,2,Furnished,Not Provided,Homecrew
Apartment Hugo de Grootkade,1052 LP Amsterdam (Frederik Hendrikbuurt),1550,45,34,2,Furnished,Not Provided,Expats. Amsterdam Rentals
House Rijnstraat,1078 RB Amsterdam (IJselbuurt),2450,80,30,3,Upholstered,Not Provided,Interhouse verhuurmakelaars Amsterdam
Apartment Madurastraat 7 B,1094 GC Amsterdam (Indische Buurt West),1995,75,26,3,Furnished,Not Provided,EHR Amsterdam
Apartment Leenhofstraat,1067 KW Amsterdam (Geuzenveld),1750,69,25,3,Furnished,Not Provided,Expats. Amsterdam Rentals
Apartment Cornelis Anthoniszstraat,1071 VR Amsterdam (Museumkwartier),3150,115,27,3,Furnished,Not Provided,Unlimited Housing
Apartment Dikninge,1083 VC Amsterdam (Buitenveldert-Oost),2500,75,33,3,Furnished,Not Provided,PropertyManager Amsterdam
Apartment Van Tuyll van Serooskerkenweg 110 3,1076 JR Amsterdam (Stadionbuurt),3500,125,28,5,Furnished,Not Provided,"Vastgoed Verhuurmakelaardij,                                                                                 Koops Makelaardij Amsterdam"
Apartment Keizersgracht 96 G,1015 CV Amsterdam (Grachtengordel-West),2300,90,25,2,Furnished,Not Provided,The Rental Agency Amsterdam
Apartment Cornelis Trooststraat,1072 JA Amsterdam (Nieuwe Pijp),3500,110,31,4,Furnished,Not Provided,Von Poll Real Estate - Centrum
Apartment Karel du Jardinstraat 21 1,1072 SE Amsterdam (Nieuwe Pijp),2500,60,41,3,Not Provided,1926,DSTRCT Amsterdam
Apartment Ruysdaelkade 77 4,1072 AL Amsterdam (Oude Pijp),2000,49,40,2,Furnished,Not Provided,The Rental Agency Amsterdam
Studio Raamgracht,1011 KH Amsterdam (Nieuwmarkt/Lastage),1850,45,41,1,Upholstered,Not Provided,I-housing
House Gooise Kant,"1104 MM Amsterdam (Bijlmer Oost (E,G,K))",2250,107,21,5,Upholstered,Not Provided,Huisportaal.nl
Apartment Keizersgracht,1016 EG Amsterdam (Grachtengordel-West),6000,270,22,4,Upholstered,Not Provided,Listings
Apartment Kromme-Mijdrechtstraat,1079 KP Amsterdam (Rijnbuurt),2500,86,29,3,Upholstered,Not Provided,Zen Home Rentals
Apartment Scherpenzeelstraat 141,1107 HT Amsterdam (Holendrecht/Reigersbos),1800,71,25,3,Furnished,Not Provided,Vastgoed Verhuurmakelaardij
Apartment Bosboom Toussaintstraat,1054 AN Amsterdam (Helmersbuurt),3000,125,24,4,Upholstered,Not Provided,First Class Housing
Apartment Kerkstraat,1017 HC Amsterdam (Grachtengordel-Zuid),2550,105,24,3,Upholstered,Not Provided,People On The Move Expat Brokers
Studio Nieuwezijds Voorburgwal,1012 RD Amsterdam (Burgwallen-Nieuwe Zijde),1350,25,54,1,Furnished,Not Provided,Expats. Amsterdam Rentals
Apartment Johan Hofmanstraat,1069 KE Amsterdam (Osdorp-Midden),2250,96,23,3,Furnished,Not Provided,Amsterdam Property Renting
House Piet Zwarthof 63,1087 AX Amsterdam (IJburg West),2500,120,20,4,Furnished,Not Provided,Renthouse Vastgoed
Apartment Kromme Leimuidenstraat,1059 EL Amsterdam (Hoofddorppleinbuurt),2300,57,40,2,Furnished,Not Provided,Amsterdam Rentals
House Vrijheidslaan 5 a,1079 KA Amsterdam (Rijnbuurt),3150,170,18,4,Upholstered,Not Provided,Koops Makelaardij Amsterdam
Apartment Keizersgracht,1016 EG Amsterdam (Grachtengordel-West),6000,270,22,4,Upholstered,Not Provided,Listings
Apartment Ruysdaelkade 197 2,1072 AV Amsterdam (Nieuwe Pijp),1995,73,27,3,Upholstered or furnished,Not Provided,Brick Amsterdam
Apartment Valeriusstraat 110 huis,1075 GC Amsterdam (Willemspark),6500,225,28,7,Upholstered,Not Provided,Valerius Rentals
Apartment Tweede Oosterparkstraat 184 H,1092 BT Amsterdam (Oosterparkbuurt),2100,84,25,3,Upholstered,Not Provided,Brick Amsterdam
